,0,City
1253,Aabenraa Kommune,Kruså
659,Aabenraa Kommune,Løjt Kirkeby
2639,Aabenraa Kommune,Fårhus
2738,Aabenraa Kommune,Uden fast bopæl
1154,Aabenraa Kommune,Kollund
2837,Aabenraa Kommune,Landdistrikter
461,Aabenraa Kommune,Genner
1055,Aabenraa Kommune,Tinglev
2540,Aabenraa Kommune,Søgård
956,Aabenraa Kommune,Bylderup-Bov
65,Aabenraa Kommune,Varnæs
857,Aabenraa Kommune,Aabenraa
560,Aabenraa Kommune,Rødekro
758,Aabenraa Kommune,Hjordkær
362,Aabenraa Kommune,Ravsted
2441,Aabenraa Kommune,Kollund Østerskov
1946,Aabenraa Kommune,Holbøl
1550,Aabenraa Kommune,Rens
2144,Aabenraa Kommune,Bovrup
164,Aabenraa Kommune,Hostrupskov
263,Aabenraa Kommune,Hellevad
2243,Aabenraa Kommune,Stubbæk
2045,Aabenraa Kommune,Bolderslev
1451,Aabenraa Kommune,Hovslund Stationsby
2342,Aabenraa Kommune,Bjerndrup
1847,Aabenraa Kommune,Felsted
1748,Aabenraa Kommune,Kliplev
1352,Aabenraa Kommune,Padborg
1649,Aabenraa Kommune,Uge
3661,Aalborg Kommune,Tylstrup
592,Aalborg Kommune,Sulsted
3562,Aalborg Kommune,Nørholm
3760,Aalborg Kommune,Grindsted
196,Aalborg Kommune,Fjellerad
493,Aalborg Kommune,Hals
4156,Aalborg Kommune,Skellet
3859,Aalborg Kommune,Gandrup
394,Aalborg Kommune,Egense
295,Aalborg Kommune,Mou
4057,Aalborg Kommune,Nørresundby
3958,Aalborg Kommune,Ulsted
4255,Aalborg Kommune,Koldkær
3166,Aalborg Kommune,Ellidshøj
3067,Aalborg Kommune,Ferslev
3463,Aalborg Kommune,Langholt
1879,Aalborg Kommune,Hou
1681,Aalborg Kommune,Vestbjerg
1978,Aalborg Kommune,Farstrup
2077,Aalborg Kommune,Sebbersund
1582,Aalborg Kommune,Gudumholm
2176,Aalborg Kommune,Valsted
1483,Aalborg Kommune,Nøvling
2275,Aalborg Kommune,Kølby
2374,Aalborg Kommune,Nibe
1384,Aalborg Kommune,Klarup
2473,Aalborg Kommune,Vadum
691,Aalborg Kommune,Storvorde
1285,Aalborg Kommune,Gistrup
2671,Aalborg Kommune,Dall Villaby
1186,Aalborg Kommune,Kongerslev
2770,Aalborg Kommune,Frejlev
1087,Aalborg Kommune,Stae
2869,Aalborg Kommune,Godthåb
2968,Aalborg Kommune,Svenstrup
988,Aalborg Kommune,Vester Hassing
4354,Aalborg Kommune,Uden fast bopæl
889,Aalborg Kommune,Vodskov
3265,Aalborg Kommune,Bislev
790,Aalborg Kommune,Vaarst
3364,Aalborg Kommune,Aalborg
2572,Aalborg Kommune,Sønderholm
97,Aalborg Kommune,Nørre Kongerslev
1780,Aalborg Kommune,Uggerhalne
4453,Aalborg Kommune,Landdistrikter
1666,Aarhus Kommune,Spørring
874,Aarhus Kommune,Lystrup
280,Aarhus Kommune,Stavtrup
2260,Aarhus Kommune,Lisbjerg
82,Aarhus Kommune,Mundelstrup
1567,Aarhus Kommune,Borum
1468,Aarhus Kommune,Jegstrup
1963,Aarhus Kommune,Mejlby
181,Aarhus Kommune,Sabro
1072,Aarhus Kommune,Studstrup
973,Aarhus Kommune,Løgten
1765,Aarhus Kommune,Trige
379,Aarhus Kommune,Beder
1270,Aarhus Kommune,Aarhus
577,Aarhus Kommune,Malling
676,Aarhus Kommune,Tranbjerg
2458,Aarhus Kommune,Beder-Malling
2656,Aarhus Kommune,Landdistrikter
478,Aarhus Kommune,Mårslet
1864,Aarhus Kommune,Ormslev
1369,Aarhus Kommune,Todbjerg
2062,Aarhus Kommune,Elev
1171,Aarhus Kommune,Solbjerg
775,Aarhus Kommune,Hjortshøj
2359,Aarhus Kommune,Harlev
2161,Aarhus Kommune,Hårup
2557,Aarhus Kommune,Uden fast bopæl
207,Albertslund Kommune,Landdistrikter
9,Albertslund Kommune,Albertslund
108,Albertslund Kommune,Uden fast bopæl
18,Allerød Kommune,Birkerød
216,Allerød Kommune,Lynge
414,Allerød Kommune,Nymølle
117,Allerød Kommune,Blovstrød
612,Allerød Kommune,Landdistrikter
513,Allerød Kommune,Uden fast bopæl
315,Allerød Kommune,Lillerød
1929,Assens Kommune,Sandager
1335,Assens Kommune,Snave
1632,Assens Kommune,Skalbjerg
2028,Assens Kommune,Torø Huse
345,Assens Kommune,Glamsbjerg
48,Assens Kommune,Verninge
1236,Assens Kommune,Flemløse
1731,Assens Kommune,Vissenbjerg
1137,Assens Kommune,Ebberup
840,Assens Kommune,Tommerup
543,Assens Kommune,Skallebølle
2325,Assens Kommune,Landdistrikter
1434,Assens Kommune,Haarby
1038,Assens Kommune,Brylle
2127,Assens Kommune,Nårup
1830,Assens Kommune,Ørsted
444,Assens Kommune,Assens
642,Assens Kommune,Gelsted
741,Assens Kommune,Tommerup Stationsby
2226,Assens Kommune,Uden fast bopæl
246,Assens Kommune,Turup
1533,Assens Kommune,Aarup
939,Assens Kommune,Jordløse
147,Assens Kommune,Grønnemose
200,Ballerup Kommune,Uden fast bopæl
101,Ballerup Kommune,Smørumnedre
2,Ballerup Kommune,Ballerup
299,Ballerup Kommune,Landdistrikter
256,Billund Kommune,Filskov
652,Billund Kommune,Sønder Omme
355,Billund Kommune,Grindsted
157,Billund Kommune,Vorbasse
58,Billund Kommune,Billund
751,Billund Kommune,Uden fast bopæl
850,Billund Kommune,Landdistrikter
553,Billund Kommune,Hejnsvig
454,Billund Kommune,Stenderup
738,Bornholm Kommune,Nexø
441,Bornholm Kommune,Aakirkeby
1728,Bornholm Kommune,Balka
2124,Bornholm Kommune,Uden fast bopæl
1035,Bornholm Kommune,Listed
2025,Bornholm Kommune,Gudhjem
1827,Bornholm Kommune,Muleby
45,Bornholm Kommune,Allinge-Sandvig
1629,Bornholm Kommune,Rønne
936,Bornholm Kommune,Østerlars
2223,Bornholm Kommune,Landdistrikter
1134,Bornholm Kommune,Østermarie
540,Bornholm Kommune,Pedersker
837,Bornholm Kommune,Tejn
1431,Bornholm Kommune,Vestermarie
639,Bornholm Kommune,Snogebæk
144,Bornholm Kommune,Hasle
342,Bornholm Kommune,Årsdale
243,Bornholm Kommune,Svaneke
1233,Bornholm Kommune,Lobbæk
1530,Bornholm Kommune,Klemensker
1332,Bornholm Kommune,Nyker
1926,Bornholm Kommune,Nylars
201,Brøndby Kommune,Landdistrikter
3,Brøndby Kommune,Brøndby
102,Brøndby Kommune,Uden fast bopæl
1278,Brønderslev Kommune,Flauenskjold
585,Brønderslev Kommune,Hjallerup
486,Brønderslev Kommune,Asaa
684,Brønderslev Kommune,Klokkerholm
1377,Brønderslev Kommune,Uden fast bopæl
1476,Brønderslev Kommune,Landdistrikter
288,Brønderslev Kommune,Hallund
90,Brønderslev Kommune,Brønderslev
882,Brønderslev Kommune,Tise
1179,Brønderslev Kommune,Serritslev
1080,Brønderslev Kommune,Dronninglund
981,Brønderslev Kommune,Stenum
783,Brønderslev Kommune,Agersted
189,Brønderslev Kommune,Øster Brønderslev
387,Brønderslev Kommune,Jerslev
47,Christiansø,Landdistrikter
202,Dragør Kommune,Uden fast bopæl
4,Dragør Kommune,Søvang
103,Dragør Kommune,Dragør
301,Dragør Kommune,Landdistrikter
717,Egedal Kommune,Slagslunde
816,Egedal Kommune,Smørumovre
1113,Egedal Kommune,Buresø
1014,Egedal Kommune,Ølstykke-Stenløse
1212,Egedal Kommune,Uden fast bopæl
618,Egedal Kommune,Ølstykke St.
915,Egedal Kommune,Veksø
24,Egedal Kommune,Tangbjerg
123,Egedal Kommune,Ganløse
1311,Egedal Kommune,Landdistrikter
222,Egedal Kommune,Smørumnedre
321,Egedal Kommune,Stenløse
420,Egedal Kommune,Søsum
519,Egedal Kommune,Ledøje
1249,Esbjerg Kommune,Esbjerg
358,Esbjerg Kommune,Bramming
1150,Esbjerg Kommune,Vejrup
2338,Esbjerg Kommune,Lustrup
556,Esbjerg Kommune,Tjæreborg
2734,Esbjerg Kommune,Uden fast bopæl
2635,Esbjerg Kommune,Guldager Stationsby
754,Esbjerg Kommune,Ribe
1546,Esbjerg Kommune,Roager
2041,Esbjerg Kommune,Tarp
2140,Esbjerg Kommune,Skads
1843,Esbjerg Kommune,Bryndum
457,Esbjerg Kommune,Gørding
160,Esbjerg Kommune,Vilslev
259,Esbjerg Kommune,Jernved
1942,Esbjerg Kommune,Vester Nebel
1744,Esbjerg Kommune,Ravnsbjerg
2833,Esbjerg Kommune,Landdistrikter
2536,Esbjerg Kommune,Kærbøl
853,Esbjerg Kommune,Øster Vedsted
1447,Esbjerg Kommune,Guldager
1051,Esbjerg Kommune,Egebæk
1348,Esbjerg Kommune,Andrup
655,Esbjerg Kommune,Grimstrup
61,Esbjerg Kommune,Gredstedbro
952,Esbjerg Kommune,Store Darum
2437,Esbjerg Kommune,Hunderup
2239,Esbjerg Kommune,Endrup
1645,Esbjerg Kommune,Vester Vedsted
2425,Faaborg-Midtfyn Kommune,Vester Åby
3019,Faaborg-Midtfyn Kommune,Pederstrup
445,Faaborg-Midtfyn Kommune,Svanninge
742,Faaborg-Midtfyn Kommune,Faldsled
3415,Faaborg-Midtfyn Kommune,Uden fast bopæl
2326,Faaborg-Midtfyn Kommune,Nørre Søby
940,Faaborg-Midtfyn Kommune,Håstrup
1633,Faaborg-Midtfyn Kommune,Nørre Broby
2821,Faaborg-Midtfyn Kommune,Tarup
247,Faaborg-Midtfyn Kommune,Millinge
3217,Faaborg-Midtfyn Kommune,Krarup
49,Faaborg-Midtfyn Kommune,Espe
841,Faaborg-Midtfyn Kommune,Horne
1435,Faaborg-Midtfyn Kommune,Vantinge
1138,Faaborg-Midtfyn Kommune,Vester Hæsinge
1930,Faaborg-Midtfyn Kommune,Søllinge
346,Faaborg-Midtfyn Kommune,Diernæs
2227,Faaborg-Midtfyn Kommune,Årslev
2722,Faaborg-Midtfyn Kommune,Rolsted
1732,Faaborg-Midtfyn Kommune,Brobyværk
3316,Faaborg-Midtfyn Kommune,Åstrup
3118,Faaborg-Midtfyn Kommune,Herringe
1831,Faaborg-Midtfyn Kommune,Heden
2623,Faaborg-Midtfyn Kommune,Ferritslev
2524,Faaborg-Midtfyn Kommune,Kværndrup
2128,Faaborg-Midtfyn Kommune,Nørre Lyndelse
1336,Faaborg-Midtfyn Kommune,Ringe
148,Faaborg-Midtfyn Kommune,Gislev
643,Faaborg-Midtfyn Kommune,Bøjden
3514,Faaborg-Midtfyn Kommune,Landdistrikter
2029,Faaborg-Midtfyn Kommune,Dyreborg
2920,Faaborg-Midtfyn Kommune,Fjellerup
544,Faaborg-Midtfyn Kommune,Faaborg
1534,Faaborg-Midtfyn Kommune,Ryslinge
1237,Faaborg-Midtfyn Kommune,Korinth
1039,Faaborg-Midtfyn Kommune,Vejle
359,Fanø Kommune,Landdistrikter
62,Fanø Kommune,Sønderho
161,Fanø Kommune,Nordby
260,Fanø Kommune,Uden fast bopæl
2749,Favrskov Kommune,Voldum
76,Favrskov Kommune,Hinnerup
2947,Favrskov Kommune,Landdistrikter
2254,Favrskov Kommune,Laurbjerg
274,Favrskov Kommune,Grundfør
2551,Favrskov Kommune,Lyngå
1462,Favrskov Kommune,Ulstrup
1660,Favrskov Kommune,Houlbjerg
1957,Favrskov Kommune,Voldby
868,Favrskov Kommune,Folby
1264,Favrskov Kommune,Aidt
1561,Favrskov Kommune,Vellev
670,Favrskov Kommune,Selling
571,Favrskov Kommune,Skjød
2848,Favrskov Kommune,Uden fast bopæl
1363,Favrskov Kommune,Hvorslev
967,Favrskov Kommune,Vissing
1759,Favrskov Kommune,Hammel
2452,Favrskov Kommune,Norring
2650,Favrskov Kommune,Svenstrup
472,Favrskov Kommune,Nørre Galten
769,Favrskov Kommune,Ødum
1165,Favrskov Kommune,Hadbjerg
175,Favrskov Kommune,Lading
2353,Favrskov Kommune,Vitten
2056,Favrskov Kommune,Thorsø
2155,Favrskov Kommune,Farre
1066,Favrskov Kommune,Hadsten
373,Favrskov Kommune,Søften
1858,Favrskov Kommune,Sall
1222,Faxe Kommune,Uden fast bopæl
628,Faxe Kommune,Faxe
1123,Faxe Kommune,Store Spjellerup
1024,Faxe Kommune,Orup
727,Faxe Kommune,Førslev
430,Faxe Kommune,Teestrup
1321,Faxe Kommune,Landdistrikter
826,Faxe Kommune,Rønnede
529,Faxe Kommune,Dalby
232,Faxe Kommune,Haslev
133,Faxe Kommune,Faxe Ladeplads
331,Faxe Kommune,Terslev
34,Faxe Kommune,Karise
925,Faxe Kommune,Skuderløse
217,Fredensborg Kommune,Helsingør
118,Fredensborg Kommune,Nivå
910,Fredensborg Kommune,Nivå Havn
1009,Fredensborg Kommune,Uden fast bopæl
316,Fredensborg Kommune,Espergærde
514,Fredensborg Kommune,Hillerød
811,Fredensborg Kommune,Fredensborg
712,Fredensborg Kommune,Karlebo
19,Fredensborg Kommune,Humlebæk
1108,Fredensborg Kommune,Landdistrikter
613,Fredensborg Kommune,Sørup
415,Fredensborg Kommune,Hørsholm
165,Fredericia Kommune,Pjedsted
1353,Fredericia Kommune,Landdistrikter
462,Fredericia Kommune,Skærbæk
957,Fredericia Kommune,Egeskov
759,Fredericia Kommune,Østerby
1056,Fredericia Kommune,Trelde
66,Fredericia Kommune,Fredericia
561,Fredericia Kommune,Snoghøj
660,Fredericia Kommune,Herslev
1254,Fredericia Kommune,Uden fast bopæl
264,Fredericia Kommune,Taulov
363,Fredericia Kommune,Bredstrup
1155,Fredericia Kommune,Trelde-Østerby
858,Fredericia Kommune,Bøgeskov
100,Frederiksberg Kommune,Landdistrikter
1,Frederiksberg Kommune,Frederiksberg
2170,Frederikshavn Kommune,Landdistrikter
1378,Frederikshavn Kommune,Hørby
1279,Frederikshavn Kommune,Sæby
1576,Frederikshavn Kommune,Lyngså
1180,Frederikshavn Kommune,Ålbæk
2071,Frederikshavn Kommune,Uden fast bopæl
1081,Frederikshavn Kommune,Thorshøj
1477,Frederikshavn Kommune,Syvsten
91,Frederikshavn Kommune,Præstbro
982,Frederikshavn Kommune,Kvissel
388,Frederikshavn Kommune,Skagen
1873,Frederikshavn Kommune,Gærum
1972,Frederikshavn Kommune,Dybvad
586,Frederikshavn Kommune,Elling
1774,Frederikshavn Kommune,Kilden
883,Frederikshavn Kommune,Ravnshøj
685,Frederikshavn Kommune,Frederikshavn
784,Frederikshavn Kommune,Østervrå
1675,Frederikshavn Kommune,Strandby
289,Frederikshavn Kommune,Voerså
487,Frederikshavn Kommune,Jerup
190,Frederikshavn Kommune,Haldbjerg
520,Frederikssund Kommune,Venslev
1312,Frederikssund Kommune,Frederikssund
916,Frederikssund Kommune,Sønderby
1708,Frederikssund Kommune,Vellerup
619,Frederikssund Kommune,Slangerup
1015,Frederikssund Kommune,Gerlev
1114,Frederikssund Kommune,Landerslev
124,Frederikssund Kommune,Skibby
1213,Frederikssund Kommune,Lyngerup
718,Frederikssund Kommune,Græse Bakkeby
1906,Frederikssund Kommune,Dalby Huse
2104,Frederikssund Kommune,Over Dråby Strand
2005,Frederikssund Kommune,Kulhuse
1510,Frederikssund Kommune,Kyndby Huse
25,Frederikssund Kommune,Dalby
1609,Frederikssund Kommune,Store Rørbæk
421,Frederikssund Kommune,Kyndby
2302,Frederikssund Kommune,Landdistrikter
1807,Frederikssund Kommune,Græse
223,Frederikssund Kommune,Skuldelev
2203,Frederikssund Kommune,Uden fast bopæl
1411,Frederikssund Kommune,Jørlunde
817,Frederikssund Kommune,Jægerspris
322,Frederikssund Kommune,Ferslev
710,Furesø Kommune,Uden fast bopæl
512,Furesø Kommune,Værløse
809,Furesø Kommune,Landdistrikter
314,Furesø Kommune,Farum
116,Furesø Kommune,Kirke Værløse
413,Furesø Kommune,Birkerød
215,Furesø Kommune,Smørumnedre
611,Furesø Kommune,Laanshøj
17,Furesø Kommune,Furesø
104,Gentofte Kommune,Landdistrikter
5,Gentofte Kommune,Gentofte
105,Gladsaxe Kommune,Uden fast bopæl
204,Gladsaxe Kommune,Landdistrikter
6,Gladsaxe Kommune,Gladsaxe
106,Glostrup Kommune,Uden fast bopæl
205,Glostrup Kommune,Landdistrikter
7,Glostrup Kommune,Glostrup
422,Greve Kommune,Uden fast bopæl
224,Greve Kommune,Tune
521,Greve Kommune,Landdistrikter
323,Greve Kommune,Kildebrønde
26,Greve Kommune,Greve Strand
125,Greve Kommune,Greve
328,Gribskov Kommune,Hornbæk-Dronningmølle
229,Gribskov Kommune,Munkerup
1516,Gribskov Kommune,Esrum
1813,Gribskov Kommune,Mårum
2407,Gribskov Kommune,Bækkekrog
2308,Gribskov Kommune,Vejby Strand
2011,Gribskov Kommune,Søborg
2704,Gribskov Kommune,Strand Esbønderup
2902,Gribskov Kommune,Landdistrikter
1417,Gribskov Kommune,Gilleleje
1912,Gribskov Kommune,Esbønderup Kohave
2209,Gribskov Kommune,Holløselund
427,Gribskov Kommune,Ramløse
526,Gribskov Kommune,Helsinge
2110,Gribskov Kommune,Rågeleje
625,Gribskov Kommune,Skærød
1219,Gribskov Kommune,Græsted
2506,Gribskov Kommune,Udsholt Strand
2803,Gribskov Kommune,Uden fast bopæl
922,Gribskov Kommune,Annisse
1615,Gribskov Kommune,Holløse
823,Gribskov Kommune,Vejby
1714,Gribskov Kommune,Ørby
1318,Gribskov Kommune,Smidstrup
130,Gribskov Kommune,Annisse Nord
31,Gribskov Kommune,Kagerup
1120,Gribskov Kommune,Esbønderup
1021,Gribskov Kommune,Blistrup
2605,Gribskov Kommune,Dronningmølle
724,Gribskov Kommune,Tisvilde
1429,Guldborgsund Kommune,Ønslev
340,Guldborgsund Kommune,Nagelsti
1033,Guldborgsund Kommune,Bangsebro
3607,Guldborgsund Kommune,Uden fast bopæl
2320,Guldborgsund Kommune,Sønder Vedby Skovhuse
2518,Guldborgsund Kommune,Sakskøbing
3013,Guldborgsund Kommune,Karleby
1627,Guldborgsund Kommune,Orehoved
3310,Guldborgsund Kommune,Nordbyen
2617,Guldborgsund Kommune,Horbelev
241,Guldborgsund Kommune,Hasselø Plantage
2221,Guldborgsund Kommune,Idestrup
1132,Guldborgsund Kommune,Eskilstrup
2122,Guldborgsund Kommune,Væggerløse
1231,Guldborgsund Kommune,Stubberup
3508,Guldborgsund Kommune,Marielyst
2815,Guldborgsund Kommune,Guldborg
2716,Guldborgsund Kommune,Horreby
2914,Guldborgsund Kommune,Stubbekøbing
3211,Guldborgsund Kommune,Nørre Vedby
637,Guldborgsund Kommune,Systofte Skovby
1825,Guldborgsund Kommune,Nørre Alslev
1924,Guldborgsund Kommune,Nysted
736,Guldborgsund Kommune,Frejlev
439,Guldborgsund Kommune,Nykøbing F
538,Guldborgsund Kommune,Sundby
1330,Guldborgsund Kommune,Tingsted
1726,Guldborgsund Kommune,Øster Kippinge
142,Guldborgsund Kommune,Toreby
43,Guldborgsund Kommune,Grænge
3706,Guldborgsund Kommune,Landdistrikter
3409,Guldborgsund Kommune,Nykøbing Strandhuse
835,Guldborgsund Kommune,Kettinge
2419,Guldborgsund Kommune,Øster Ulslev
2023,Guldborgsund Kommune,Gedser
1528,Guldborgsund Kommune,Vålse
934,Guldborgsund Kommune,Møllehave
3112,Guldborgsund Kommune,Radsted
948,Haderslev Kommune,Bevtoft
651,Haderslev Kommune,Hoptrup
156,Haderslev Kommune,Mølby
1938,Haderslev Kommune,Maugstrup
1542,Haderslev Kommune,Arnum
57,Haderslev Kommune,Nustrup
1245,Haderslev Kommune,Vedsted
1047,Haderslev Kommune,Kelstrup
255,Haderslev Kommune,Hejsager
1344,Haderslev Kommune,Sønder Vilstrup
453,Haderslev Kommune,Øsby
2235,Haderslev Kommune,Marstrup
1641,Haderslev Kommune,Fole
2037,Haderslev Kommune,Vojens
1146,Haderslev Kommune,Haderslev
2136,Haderslev Kommune,Hammelev
849,Haderslev Kommune,Over Jerstal
2532,Haderslev Kommune,Landdistrikter
1839,Haderslev Kommune,Jegerup
2334,Haderslev Kommune,Styding
354,Haderslev Kommune,Starup
552,Haderslev Kommune,Fjelstrup
2433,Haderslev Kommune,Uden fast bopæl
1443,Haderslev Kommune,Gram
1740,Haderslev Kommune,Sommersted
750,Haderslev Kommune,Årøsund
127,Halsnæs Kommune,Liseleje
820,Halsnæs Kommune,Melby
1018,Halsnæs Kommune,Ølsted Sydstrand
226,Halsnæs Kommune,Vinderød
1117,Halsnæs Kommune,Uden fast bopæl
424,Halsnæs Kommune,Hundested
1216,Halsnæs Kommune,Landdistrikter
721,Halsnæs Kommune,Evetofte
919,Halsnæs Kommune,Ølsted Strandhuse
523,Halsnæs Kommune,Torup
28,Halsnæs Kommune,Frederiksværk
325,Halsnæs Kommune,Ølsted
622,Halsnæs Kommune,Melby
679,Hedensted Kommune,Snaptun
1570,Hedensted Kommune,Kragelund
2560,Hedensted Kommune,Uden fast bopæl
1966,Hedensted Kommune,Rask Mølle
1273,Hedensted Kommune,Bjerre
580,Hedensted Kommune,Glud
1768,Hedensted Kommune,Bråskov
2659,Hedensted Kommune,Landdistrikter
1669,Hedensted Kommune,Rårup
481,Hedensted Kommune,Barrit
2164,Hedensted Kommune,Ølholm
1471,Hedensted Kommune,Ølsted
2263,Hedensted Kommune,Hornborg
283,Hedensted Kommune,Hedensted
778,Hedensted Kommune,Overby
1174,Hedensted Kommune,Stenderup
976,Hedensted Kommune,Tørring
382,Hedensted Kommune,Daugård
85,Hedensted Kommune,Lindved
877,Hedensted Kommune,Juelsminde
2461,Hedensted Kommune,Korning
1867,Hedensted Kommune,Hosby
184,Hedensted Kommune,Øster Snede
1372,Hedensted Kommune,Stouby
1075,Hedensted Kommune,Hornsyld
2065,Hedensted Kommune,Uldum
2362,Hedensted Kommune,Åle
218,Helsingør Kommune,Hellebæk
713,Helsingør Kommune,Langesø
1109,Helsingør Kommune,Landdistrikter
416,Helsingør Kommune,Gurre
515,Helsingør Kommune,Helsingør
1010,Helsingør Kommune,Uden fast bopæl
317,Helsingør Kommune,Tikøb
911,Helsingør Kommune,Stenstrup
812,Helsingør Kommune,Saunte
20,Helsingør Kommune,Kvistgård
614,Helsingør Kommune,Espergærde
119,Helsingør Kommune,Hornbæk-Dronningmølle
107,Herlev Kommune,Uden fast bopæl
206,Herlev Kommune,Landdistrikter
8,Herlev Kommune,Herlev
70,Herning Kommune,Fasterholt
763,Herning Kommune,Gullestrup
1852,Herning Kommune,Ørnhøj
664,Herning Kommune,Vind
565,Herning Kommune,Herning
466,Herning Kommune,Skibbild
2941,Herning Kommune,Landdistrikter
862,Herning Kommune,Timring
169,Herning Kommune,Aulum
2050,Herning Kommune,Vildbjerg
1357,Herning Kommune,Hodsager
2446,Herning Kommune,Nørre Kollund
2545,Herning Kommune,Sinding
1258,Herning Kommune,Haderup
2644,Herning Kommune,Kølkær
1753,Herning Kommune,Høgild
1159,Herning Kommune,Feldborg
2743,Herning Kommune,Lind
1456,Herning Kommune,Sørvad
268,Herning Kommune,Ilskov
2248,Herning Kommune,Stakroge
2842,Herning Kommune,Uden fast bopæl
367,Herning Kommune,Simmelkær
1951,Herning Kommune,Sønder Felding
1555,Herning Kommune,Kibæk
2149,Herning Kommune,Skarrild
1654,Herning Kommune,Arnborg
1060,Herning Kommune,Sunds
961,Herning Kommune,Studsgård
2347,Herning Kommune,Havnstrup
120,Hillerød Kommune,Store Lyngby
219,Hillerød Kommune,Meløse
417,Hillerød Kommune,Nørre Herlev
318,Hillerød Kommune,Gørløse
813,Hillerød Kommune,Hillerød
516,Hillerød Kommune,Uvelse
912,Hillerød Kommune,Nødebo
21,Hillerød Kommune,Skævinge
1011,Hillerød Kommune,Ny Hammersholt
1110,Hillerød Kommune,Brødeskov
1308,Hillerød Kommune,Tulstrup
1209,Hillerød Kommune,Ny Harløse
1506,Hillerød Kommune,Landdistrikter
615,Hillerød Kommune,Alsønderup
714,Hillerød Kommune,Gadevang
1407,Hillerød Kommune,Uden fast bopæl
2078,Hjørring Kommune,Tolne
1781,Hjørring Kommune,Bindslev
2177,Hjørring Kommune,Lendum
2573,Hjørring Kommune,Tårs
2474,Hjørring Kommune,Lørslev
2375,Hjørring Kommune,Horne
2771,Hjørring Kommune,Uden fast bopæl
1880,Hjørring Kommune,Tversted
2672,Hjørring Kommune,Rakkeby
1979,Hjørring Kommune,Åbyen
2870,Hjørring Kommune,Landdistrikter
2276,Hjørring Kommune,Hirtshals
1385,Hjørring Kommune,Harken
395,Hjørring Kommune,Lønstrup
1187,Hjørring Kommune,Vrå
1088,Hjørring Kommune,Poulstrup
593,Hjørring Kommune,Astrup
296,Hjørring Kommune,Tornby
1583,Hjørring Kommune,Børglum
692,Hjørring Kommune,Sindal
494,Hjørring Kommune,Bjergby
1484,Hjørring Kommune,Hundelev
98,Hjørring Kommune,Uggerby
1682,Hjørring Kommune,Mosbjerg
989,Hjørring Kommune,Vrensted
791,Hjørring Kommune,Løkken
1286,Hjørring Kommune,Hjørring
890,Hjørring Kommune,Sønder Rubjerg
197,Hjørring Kommune,Vidstrup
1716,Holbæk Kommune,Stigs Bjergby
2706,Holbæk Kommune,Vipperød
2508,Holbæk Kommune,Gammel Tølløse
1419,Holbæk Kommune,Svinninge
1221,Holbæk Kommune,Ugerløse
2607,Holbæk Kommune,Tølløse
1914,Holbæk Kommune,Mårsø
2310,Holbæk Kommune,Søstrup
231,Holbæk Kommune,Regstrup
330,Holbæk Kommune,Hagested
429,Holbæk Kommune,Hørby
528,Holbæk Kommune,Kirke Eskilstrup
1122,Holbæk Kommune,Kundby
924,Holbæk Kommune,Udby
1518,Holbæk Kommune,Knabstrup
3201,Holbæk Kommune,Landdistrikter
825,Holbæk Kommune,Undløse
3003,Holbæk Kommune,Kisserup Strand
2112,Holbæk Kommune,Arnakke
2211,Holbæk Kommune,Store Merløse
726,Holbæk Kommune,Kvanløse
2904,Holbæk Kommune,Gamløse
627,Holbæk Kommune,Sønder Jernløse
1617,Holbæk Kommune,Mørkøv
2013,Holbæk Kommune,Tuse
2805,Holbæk Kommune,Markeslev
1023,Holbæk Kommune,Gislinge
1320,Holbæk Kommune,Jyderup
3102,Holbæk Kommune,Uden fast bopæl
1815,Holbæk Kommune,Holbæk
33,Holbæk Kommune,Bybjerg
2409,Holbæk Kommune,Ny Hagested
132,Holbæk Kommune,Tjebberup
2051,Holstebro Kommune,Ejsing
2249,Holstebro Kommune,Uden fast bopæl
566,Holstebro Kommune,Holstebro
1259,Holstebro Kommune,Bur
1754,Holstebro Kommune,Hvam Mejeriby
71,Holstebro Kommune,Borbjerg
269,Holstebro Kommune,Tvis
467,Holstebro Kommune,Vemb
1655,Holstebro Kommune,Handbjerg
1457,Holstebro Kommune,Skave
1160,Holstebro Kommune,Thorsminde
1358,Holstebro Kommune,Idom
1952,Holstebro Kommune,Vinderup
368,Holstebro Kommune,Ulfborg
1061,Holstebro Kommune,Staby
170,Holstebro Kommune,Nørre Felding
962,Holstebro Kommune,Sønder Nissum
2348,Holstebro Kommune,Landdistrikter
2150,Holstebro Kommune,Ryde
1853,Holstebro Kommune,Krunderup
863,Holstebro Kommune,Sevel
1556,Holstebro Kommune,Herrup
764,Holstebro Kommune,Mogenstrup
665,Holstebro Kommune,Mejrup Kirkeby
364,Horsens Kommune,Søvind
1354,Horsens Kommune,Egebjerg
958,Horsens Kommune,Vestbirk
1750,Horsens Kommune,Gedved
859,Horsens Kommune,Grædstrup
1453,Horsens Kommune,Hatting
2146,Horsens Kommune,Landdistrikter
1948,Horsens Kommune,Østbirk
1057,Horsens Kommune,Yding
2047,Horsens Kommune,Uden fast bopæl
760,Horsens Kommune,Træden
562,Horsens Kommune,Tvingstrup
67,Horsens Kommune,Grumstrup
1552,Horsens Kommune,Horsens
1651,Horsens Kommune,Brædstrup
661,Horsens Kommune,Sejet
1156,Horsens Kommune,Voervadsbro
463,Horsens Kommune,Sønder Vissing
1255,Horsens Kommune,Nim
166,Horsens Kommune,Hovedgård
265,Horsens Kommune,Haldrup
1849,Horsens Kommune,Lund
208,Hvidovre Kommune,Landdistrikter
109,Hvidovre Kommune,Uden fast bopæl
10,Hvidovre Kommune,Hvidovre
407,Høje-Taastrup Kommune,Vridsløsemagle
209,Høje-Taastrup Kommune,Taastrup
308,Høje-Taastrup Kommune,Sengeløse
605,Høje-Taastrup Kommune,Landdistrikter
110,Høje-Taastrup Kommune,Reerslev
11,Høje-Taastrup Kommune,Hedehusene
506,Høje-Taastrup Kommune,Uden fast bopæl
220,Hørsholm Kommune,Uden fast bopæl
22,Hørsholm Kommune,Trørød
121,Hørsholm Kommune,Hørsholm
319,Hørsholm Kommune,Landdistrikter
281,Ikast-Brande Kommune,Engesvang
1568,Ikast-Brande Kommune,Landdistrikter
380,Ikast-Brande Kommune,Pårup
776,Ikast-Brande Kommune,Bording
974,Ikast-Brande Kommune,Klovborg
1172,Ikast-Brande Kommune,Brande
182,Ikast-Brande Kommune,Isenvad
479,Ikast-Brande Kommune,Gludsted
1271,Ikast-Brande Kommune,Nørre Snede
578,Ikast-Brande Kommune,Ikast
875,Ikast-Brande Kommune,Hampen
1469,Ikast-Brande Kommune,Uden fast bopæl
677,Ikast-Brande Kommune,Tulstrup
1370,Ikast-Brande Kommune,Blåhøj
83,Ikast-Brande Kommune,Uhre
1073,Ikast-Brande Kommune,Ejstrupholm
311,Ishøj Kommune,Vestervang
14,Ishøj Kommune,Ishøj
410,Ishøj Kommune,Uden fast bopæl
509,Ishøj Kommune,Landdistrikter
212,Ishøj Kommune,Ishøj Landsby
113,Ishøj Kommune,Torslunde
2274,Jammerbugt Kommune,Brovst
987,Jammerbugt Kommune,Halvrimmen
2373,Jammerbugt Kommune,Vester Hjermitslev
1482,Jammerbugt Kommune,Vester Torup
2571,Jammerbugt Kommune,Uden fast bopæl
1086,Jammerbugt Kommune,Birkelse
2472,Jammerbugt Kommune,Ny Skovsgård
1185,Jammerbugt Kommune,Bonderup
1284,Jammerbugt Kommune,Tranum
1383,Jammerbugt Kommune,Aabybro
2670,Jammerbugt Kommune,Landdistrikter
1581,Jammerbugt Kommune,Klim
492,Jammerbugt Kommune,Kås
690,Jammerbugt Kommune,Fjerritslev
1878,Jammerbugt Kommune,Østerby
1977,Jammerbugt Kommune,Saltum
2076,Jammerbugt Kommune,Moseby
789,Jammerbugt Kommune,Ingstrup
294,Jammerbugt Kommune,Biersted
1680,Jammerbugt Kommune,Arentsminde
195,Jammerbugt Kommune,Hune
393,Jammerbugt Kommune,Nørhalne
2175,Jammerbugt Kommune,Gøttrup
96,Jammerbugt Kommune,Blokhus
888,Jammerbugt Kommune,Gjøl
1779,Jammerbugt Kommune,Skovsgård
591,Jammerbugt Kommune,Pandrup
431,Kalundborg Kommune,Kalundborg
1124,Kalundborg Kommune,Havnsø
2015,Kalundborg Kommune,Ugerløse
530,Kalundborg Kommune,Svallerup
1619,Kalundborg Kommune,Rørby
926,Kalundborg Kommune,Gørlev
2312,Kalundborg Kommune,Store Fuglede Stationsby
35,Kalundborg Kommune,Løve
2411,Kalundborg Kommune,Kaldred
1817,Kalundborg Kommune,Ulstrup
134,Kalundborg Kommune,Reersø
1322,Kalundborg Kommune,Føllenslev
2510,Kalundborg Kommune,Uden fast bopæl
233,Kalundborg Kommune,Kirke Helsinge
1718,Kalundborg Kommune,Ubby
2609,Kalundborg Kommune,Landdistrikter
1223,Kalundborg Kommune,Eskebjerg
1916,Kalundborg Kommune,Sejerby
332,Kalundborg Kommune,Spangsbro
1421,Kalundborg Kommune,Snertinge
2114,Kalundborg Kommune,Flinterup
728,Kalundborg Kommune,Sæby
2213,Kalundborg Kommune,Store Fuglede
827,Kalundborg Kommune,Bjerge
1520,Kalundborg Kommune,Høng
1025,Kalundborg Kommune,Svebølle
629,Kalundborg Kommune,Årby
446,Kerteminde Kommune,Mesinge
1238,Kerteminde Kommune,Skrækkenborg
842,Kerteminde Kommune,Birkende
743,Kerteminde Kommune,Vejruplund
1436,Kerteminde Kommune,Landdistrikter
248,Kerteminde Kommune,Rønninge
347,Kerteminde Kommune,Dalby
149,Kerteminde Kommune,Rynkeby
545,Kerteminde Kommune,Kerteminde
1040,Kerteminde Kommune,Kertinge
50,Kerteminde Kommune,Munkebo
644,Kerteminde Kommune,Revninge
941,Kerteminde Kommune,Langeskov
1139,Kerteminde Kommune,Marslev
1337,Kerteminde Kommune,Uden fast bopæl
68,Kolding Kommune,Kolding
1751,Kolding Kommune,Skanderup
266,Kolding Kommune,Vester Nebel
959,Kolding Kommune,Almind
1355,Kolding Kommune,Jordrup
1850,Kolding Kommune,Ødis-Bramdrup
167,Kolding Kommune,Stepping
860,Kolding Kommune,Sønder Stenderup
1256,Kolding Kommune,Harte
2048,Kolding Kommune,Landdistrikter
1553,Kolding Kommune,Vamdrup
1454,Kolding Kommune,Lunderskov
1157,Kolding Kommune,Ødis
464,Kolding Kommune,Hejls
1652,Kolding Kommune,Hjarup
1949,Kolding Kommune,Uden fast bopæl
563,Kolding Kommune,Christiansfeld
1058,Kolding Kommune,Sjølund
662,Kolding Kommune,Taps
365,Kolding Kommune,Viuf
761,Kolding Kommune,Sønder Bjert
99,Københavns Kommune,Landdistrikter
0,Københavns Kommune,København
423,Køge Kommune,Algestrup
1215,Køge Kommune,Uden fast bopæl
225,Køge Kommune,Ejby
126,Køge Kommune,Borup
720,Køge Kommune,Nørre Dalby
27,Køge Kommune,Vemmedrup
1314,Køge Kommune,Landdistrikter
324,Køge Kommune,Lellinge
918,Køge Kommune,Vedskølle
1116,Køge Kommune,Gørslev
1017,Køge Kommune,Lille Skensved
621,Køge Kommune,Bjæverskov
819,Køge Kommune,Køge
522,Køge Kommune,Slimminge
946,Langeland Kommune,Uden fast bopæl
451,Langeland Kommune,Bagenkop
154,Langeland Kommune,Lohals
649,Langeland Kommune,Lindelse
550,Langeland Kommune,Humble
55,Langeland Kommune,Snøde
748,Langeland Kommune,Tryggelev
352,Langeland Kommune,Tullebølle
1045,Langeland Kommune,Landdistrikter
253,Langeland Kommune,Rudkøbing
847,Langeland Kommune,Spodsbjerg
1525,Lejre Kommune,Herslev
634,Lejre Kommune,Kirke Hyllinge
1228,Lejre Kommune,Vester Såby
733,Lejre Kommune,Sæby
931,Lejre Kommune,Ejby
1426,Lejre Kommune,Kirke Sonnerup
337,Lejre Kommune,Øm
1030,Lejre Kommune,Lyndby
1723,Lejre Kommune,Lindenborg
436,Lejre Kommune,Kirke Såby
139,Lejre Kommune,Gevninge
535,Lejre Kommune,Torkilstrup
40,Lejre Kommune,Gershøj
832,Lejre Kommune,Kirke Hvalsø
1822,Lejre Kommune,Kyndeløse Sydmark
1327,Lejre Kommune,Osted
2020,Lejre Kommune,Landdistrikter
238,Lejre Kommune,Lejre
1921,Lejre Kommune,Uden fast bopæl
1129,Lejre Kommune,Englerup
1624,Lejre Kommune,Gøderup
369,Lemvig Kommune,Klinkby
666,Lemvig Kommune,Lomborg
72,Lemvig Kommune,Nørre Nissum
963,Lemvig Kommune,Gudum
1260,Lemvig Kommune,Landdistrikter
468,Lemvig Kommune,Bonnet
567,Lemvig Kommune,Thyborøn
864,Lemvig Kommune,Bækmarksbro
171,Lemvig Kommune,Lemvig
1062,Lemvig Kommune,Ramme
1161,Lemvig Kommune,Uden fast bopæl
270,Lemvig Kommune,Harboøre
765,Lemvig Kommune,Bøvlingbjerg
1625,Lolland Kommune,Hunseby
833,Lolland Kommune,Branderslev
1031,Lolland Kommune,Hillested
239,Lolland Kommune,Rødby
2219,Lolland Kommune,Landdistrikter
1823,Lolland Kommune,Vesterby
1229,Lolland Kommune,Stokkemarke
1130,Lolland Kommune,Nakskov
1427,Lolland Kommune,Nørreballe
1922,Lolland Kommune,Anderstrup
1526,Lolland Kommune,Bandholm
734,Lolland Kommune,Sandby
2021,Lolland Kommune,Maribo
338,Lolland Kommune,Errindlev
932,Lolland Kommune,Holeby
1328,Lolland Kommune,Søllested
1724,Lolland Kommune,Birket
635,Lolland Kommune,Utterslev
536,Lolland Kommune,Horslunde
41,Lolland Kommune,Dannemare
2120,Lolland Kommune,Uden fast bopæl
437,Lolland Kommune,Langø
140,Lolland Kommune,Rødbyhavn
12,Lyngby-Taarbæk Kommune,Lyngby-Taarbæk
210,Lyngby-Taarbæk Kommune,Uden fast bopæl
309,Lyngby-Taarbæk Kommune,Landdistrikter
111,Lyngby-Taarbæk Kommune,Skodsborg
192,Læsø Kommune,Østerby Havn
93,Læsø Kommune,Vesterø Havn
390,Læsø Kommune,Uden fast bopæl
291,Læsø Kommune,Byrum
489,Læsø Kommune,Landdistrikter
1778,Mariagerfjord Kommune,Oue
95,Mariagerfjord Kommune,Rostrup
1085,Mariagerfjord Kommune,Arden
2768,Mariagerfjord Kommune,Landdistrikter
2471,Mariagerfjord Kommune,Norup
491,Mariagerfjord Kommune,Veddum
2372,Mariagerfjord Kommune,Mariager
887,Mariagerfjord Kommune,Hobro
1877,Mariagerfjord Kommune,Hørby
2273,Mariagerfjord Kommune,Handest
788,Mariagerfjord Kommune,Visborg
1382,Mariagerfjord Kommune,Døstrup
293,Mariagerfjord Kommune,Hadsund Syd
2075,Mariagerfjord Kommune,Sønder Onsild
1580,Mariagerfjord Kommune,Valsgård
2570,Mariagerfjord Kommune,Astrup
590,Mariagerfjord Kommune,Øster Hurup
1184,Mariagerfjord Kommune,Rold
2669,Mariagerfjord Kommune,Uden fast bopæl
1283,Mariagerfjord Kommune,Øster Doense
689,Mariagerfjord Kommune,Als
1481,Mariagerfjord Kommune,Hvornum
1679,Mariagerfjord Kommune,Hvilsom
392,Mariagerfjord Kommune,Assens
2174,Mariagerfjord Kommune,Sønder Onsild Stationsby
194,Mariagerfjord Kommune,Hadsund
1976,Mariagerfjord Kommune,Skelund
986,Mariagerfjord Kommune,Vebbestrup
145,Middelfart Kommune,Vejlby
1036,Middelfart Kommune,Kauslunde
937,Middelfart Kommune,Ejby
541,Middelfart Kommune,Gelsted
739,Middelfart Kommune,Nørre Aaby
640,Middelfart Kommune,Båring
838,Middelfart Kommune,Strib
343,Middelfart Kommune,Fjelsted
46,Middelfart Kommune,Middelfart
442,Middelfart Kommune,Harndrup
1234,Middelfart Kommune,Føns
1135,Middelfart Kommune,Røjle
1432,Middelfart Kommune,Landdistrikter
1333,Middelfart Kommune,Uden fast bopæl
244,Middelfart Kommune,Brenderup
779,Morsø Kommune,Sejerslev
1076,Morsø Kommune,Sundby
1274,Morsø Kommune,Nykøbing M
284,Morsø Kommune,Karby
1472,Morsø Kommune,Lødderup
1571,Morsø Kommune,Uden fast bopæl
1175,Morsø Kommune,Bjergby
86,Morsø Kommune,Erslev
581,Morsø Kommune,Redsted
185,Morsø Kommune,Øster Jølby
1670,Morsø Kommune,Landdistrikter
680,Morsø Kommune,Øster Assels
878,Morsø Kommune,Flade
482,Morsø Kommune,Vils
977,Morsø Kommune,Tødsø
383,Morsø Kommune,Frøslev
1373,Morsø Kommune,Vodstrup
75,Norddjurs Kommune,Auning
1065,Norddjurs Kommune,Voldby
174,Norddjurs Kommune,Fjellerup
2352,Norddjurs Kommune,Landdistrikter
1362,Norddjurs Kommune,Allingåbro
1560,Norddjurs Kommune,Balle
867,Norddjurs Kommune,Grenaa
1857,Norddjurs Kommune,Øster Alling
2253,Norddjurs Kommune,Uden fast bopæl
1758,Norddjurs Kommune,Gjerrild
1461,Norddjurs Kommune,Trustrup
372,Norddjurs Kommune,Nørager
471,Norddjurs Kommune,Vivild
2154,Norddjurs Kommune,Fjellerup Strand
966,Norddjurs Kommune,Ålsrode
1956,Norddjurs Kommune,Ørum
1659,Norddjurs Kommune,Lyngby
1263,Norddjurs Kommune,Ørsted
1164,Norddjurs Kommune,Holbæk
768,Norddjurs Kommune,Stenvad
273,Norddjurs Kommune,Gjesing
2055,Norddjurs Kommune,Glesborg
669,Norddjurs Kommune,Ramten
570,Norddjurs Kommune,Bønnerup Strand
1044,Nordfyns Kommune,Østrup
648,Nordfyns Kommune,Skamby
1242,Nordfyns Kommune,Otterup
1341,Nordfyns Kommune,Bredbjerg
153,Nordfyns Kommune,Lunde
549,Nordfyns Kommune,Kappendrup
747,Nordfyns Kommune,Bogense
252,Nordfyns Kommune,Søndersø
945,Nordfyns Kommune,Klintebjerg
1638,Nordfyns Kommune,Landdistrikter
1539,Nordfyns Kommune,Uden fast bopæl
450,Nordfyns Kommune,Særslev
54,Nordfyns Kommune,Veflinge
846,Nordfyns Kommune,Hårslev
1440,Nordfyns Kommune,Gamby
1143,Nordfyns Kommune,Uggerslev
351,Nordfyns Kommune,Morud
843,Nyborg Kommune,Tårup
744,Nyborg Kommune,Svindinge
1338,Nyborg Kommune,Langå
1239,Nyborg Kommune,Aunslev
1140,Nyborg Kommune,Ullerslev
1635,Nyborg Kommune,Landdistrikter
51,Nyborg Kommune,Vindinge
1437,Nyborg Kommune,Kogsbølle
546,Nyborg Kommune,Nyborg
447,Nyborg Kommune,Hjulby
1041,Nyborg Kommune,Skellerup
348,Nyborg Kommune,Ørbæk
645,Nyborg Kommune,Frørup
942,Nyborg Kommune,Ellinge
1536,Nyborg Kommune,Uden fast bopæl
150,Nyborg Kommune,Måre
249,Nyborg Kommune,Refsvindinge
735,Næstved Kommune,Rønnebæk
933,Næstved Kommune,Sandved
2517,Næstved Kommune,Uden fast bopæl
339,Næstved Kommune,Fensmark
2319,Næstved Kommune,Vallensved
1923,Næstved Kommune,Tappernøje
1527,Næstved Kommune,Lov
42,Næstved Kommune,Brøderup
1329,Næstved Kommune,Skraverup
834,Næstved Kommune,Mogenstrup
636,Næstved Kommune,Næstved
2121,Næstved Kommune,Tybjerglille Bakker
240,Næstved Kommune,Glumsø
2220,Næstved Kommune,Gangesbro
1824,Næstved Kommune,Skelby
1428,Næstved Kommune,Karrebæksminde
537,Næstved Kommune,Holme-Olstrup
1032,Næstved Kommune,Tornemark
438,Næstved Kommune,Gelsted
2418,Næstved Kommune,Enø By
141,Næstved Kommune,Everdrup
1230,Næstved Kommune,Menstrup
2616,Næstved Kommune,Landdistrikter
1725,Næstved Kommune,Fuglebjerg
1131,Næstved Kommune,Hyllinge
1626,Næstved Kommune,Toksværd
2022,Næstved Kommune,Herlufmagle
572,Odder Kommune,Gylling
1067,Odder Kommune,Landdistrikter
770,Odder Kommune,Bovlstrup
77,Odder Kommune,Hov
671,Odder Kommune,Saksild
374,Odder Kommune,Ørting
968,Odder Kommune,Uden fast bopæl
176,Odder Kommune,Odder
473,Odder Kommune,Torrild
869,Odder Kommune,Neder Randlev
275,Odder Kommune,Hundslund
547,Odense Kommune,Allese
745,Odense Kommune,Ejlstrup
1636,Odense Kommune,Åsum
844,Odense Kommune,Skallebølle
1834,Odense Kommune,Over Holluf
1141,Odense Kommune,Holmstrup
349,Odense Kommune,Bullerup
2131,Odense Kommune,Bredbjerg
1537,Odense Kommune,Odense
1933,Odense Kommune,Davinde
2230,Odense Kommune,Birkum
151,Odense Kommune,Seden Strand
646,Odense Kommune,Stige
1735,Odense Kommune,Fraugde
1240,Odense Kommune,Bellinge
1042,Odense Kommune,Brændekilde
52,Odense Kommune,Seden
1438,Odense Kommune,Fangel
2428,Odense Kommune,Landdistrikter
1339,Odense Kommune,Sankt Klemens
448,Odense Kommune,Lumby
250,Odense Kommune,Næsbyhoved-Broby
2032,Odense Kommune,Højby
943,Odense Kommune,Blommenslyst
2329,Odense Kommune,Uden fast bopæl
2408,Odsherred Kommune,Ordrup Strand
824,Odsherred Kommune,Havnebyen
2111,Odsherred Kommune,Øster Lyng
3200,Odsherred Kommune,Landdistrikter
1715,Odsherred Kommune,Moseby
131,Odsherred Kommune,Højby
230,Odsherred Kommune,Rørvig
527,Odsherred Kommune,Vig
2903,Odsherred Kommune,Ellinge Lyng
428,Odsherred Kommune,Svinninge
1814,Odsherred Kommune,Høve
1220,Odsherred Kommune,Hørve
2804,Odsherred Kommune,Nyrup
2309,Odsherred Kommune,Klintehuse
626,Odsherred Kommune,Egebjerg
3002,Odsherred Kommune,Grevinge Lammefjord
32,Odsherred Kommune,Stårup
2606,Odsherred Kommune,Yderby Lyng
1022,Odsherred Kommune,Havnsø
725,Odsherred Kommune,Grevinge
1517,Odsherred Kommune,Asnæs
1319,Odsherred Kommune,Fårevejle Kirkeby
1913,Odsherred Kommune,Kelstrup
2507,Odsherred Kommune,Hønsinge Lyng
923,Odsherred Kommune,Herrestrup
2012,Odsherred Kommune,Vester Lyng
329,Odsherred Kommune,Strandhuse
1418,Odsherred Kommune,Nykøbing S
1616,Odsherred Kommune,Nørre Asmindrup
2210,Odsherred Kommune,Klint
2705,Odsherred Kommune,Veddinge Bakker
1121,Odsherred Kommune,Fårevejle Stationsby
3101,Odsherred Kommune,Uden fast bopæl
1365,Randers Kommune,Værum
3543,Randers Kommune,Hørning
1167,Randers Kommune,Paderup
2256,Randers Kommune,Linde
2850,Randers Kommune,Øster Bjerregrav
474,Randers Kommune,Albæk
2751,Randers Kommune,Fårup
1959,Randers Kommune,Asferg
2058,Randers Kommune,Spentrup
2652,Randers Kommune,Langå
3642,Randers Kommune,Uden fast bopæl
1068,Randers Kommune,Over Hornbæk
1761,Randers Kommune,Enslev
2949,Randers Kommune,Sønderbæk
870,Randers Kommune,Harridslev
3246,Randers Kommune,Dalbyover
2355,Randers Kommune,Randers
3741,Randers Kommune,Landdistrikter
3147,Randers Kommune,Ålum
1563,Randers Kommune,Mellerup
771,Randers Kommune,Gimming
3345,Randers Kommune,Tånum
2553,Randers Kommune,Gassum
3444,Randers Kommune,Lem
3048,Randers Kommune,Helstrup
1662,Randers Kommune,Øster Tørslev
1266,Randers Kommune,Havndal
2157,Randers Kommune,Hald
177,Randers Kommune,Udbyhøj Vasehuse
1860,Randers Kommune,Gjerlev
276,Randers Kommune,Tvede
573,Randers Kommune,Uggelhuse
78,Randers Kommune,Haslund
1464,Randers Kommune,Assentoft
672,Randers Kommune,Råsted
375,Randers Kommune,Støvring
969,Randers Kommune,Mejlby
2454,Randers Kommune,Stevnstrup
1876,Rebild Kommune,Guldbæk Syd
490,Rebild Kommune,Rørbæk
1381,Rebild Kommune,Aarestrup
292,Rebild Kommune,Haverslev
1975,Rebild Kommune,Uden fast bopæl
1678,Rebild Kommune,Guldbæk
1579,Rebild Kommune,Stenild
688,Rebild Kommune,Støvring
2074,Rebild Kommune,Landdistrikter
787,Rebild Kommune,Suldrup
391,Rebild Kommune,Ravnkilde
193,Rebild Kommune,Bælum
589,Rebild Kommune,Sørup
1777,Rebild Kommune,Terndrup
1480,Rebild Kommune,Store Brøndum
1282,Rebild Kommune,Sønderup
94,Rebild Kommune,Blenstrup
985,Rebild Kommune,Skørping
1183,Rebild Kommune,Nørager
886,Rebild Kommune,Rebild
1084,Rebild Kommune,Øster Hornum
777,Ringkøbing-Skjern Kommune,Spjald
1866,Ringkøbing-Skjern Kommune,Herborg
2163,Ringkøbing-Skjern Kommune,Hoven
2955,Ringkøbing-Skjern Kommune,Stauning
2064,Ringkøbing-Skjern Kommune,Velling
183,Ringkøbing-Skjern Kommune,Skjern
2262,Ringkøbing-Skjern Kommune,Borris
3351,Ringkøbing-Skjern Kommune,Uden fast bopæl
3153,Ringkøbing-Skjern Kommune,Sønder Vium
1173,Ringkøbing-Skjern Kommune,Lem
2658,Ringkøbing-Skjern Kommune,Kloster
876,Ringkøbing-Skjern Kommune,Lyne
2361,Ringkøbing-Skjern Kommune,Troldhede
84,Ringkøbing-Skjern Kommune,Bølling
1767,Ringkøbing-Skjern Kommune,Astrup
1470,Ringkøbing-Skjern Kommune,Barde
1074,Ringkøbing-Skjern Kommune,Højmark
975,Ringkøbing-Skjern Kommune,Tarm
1371,Ringkøbing-Skjern Kommune,Ringkøbing
579,Ringkøbing-Skjern Kommune,Fjelstervang
2856,Ringkøbing-Skjern Kommune,Ådum
2757,Ringkøbing-Skjern Kommune,No
1272,Ringkøbing-Skjern Kommune,Nørre Bork
3450,Ringkøbing-Skjern Kommune,Landdistrikter
3054,Ringkøbing-Skjern Kommune,Ølstrup
381,Ringkøbing-Skjern Kommune,Hvide Sande
282,Ringkøbing-Skjern Kommune,Lønborg
3252,Ringkøbing-Skjern Kommune,Vorgod-Barde
2460,Ringkøbing-Skjern Kommune,Hee
2559,Ringkøbing-Skjern Kommune,Tim
1965,Ringkøbing-Skjern Kommune,Rækker Mølle
678,Ringkøbing-Skjern Kommune,Grønbjerg
1569,Ringkøbing-Skjern Kommune,Videbæk
480,Ringkøbing-Skjern Kommune,Hemmet
1668,Ringkøbing-Skjern Kommune,Vorgod
1026,Ringsted Kommune,Ringsted
1125,Ringsted Kommune,Sneslev
729,Ringsted Kommune,Vigersted
927,Ringsted Kommune,Høm
36,Ringsted Kommune,Jystrup
1224,Ringsted Kommune,Farendløse
1323,Ringsted Kommune,Uden fast bopæl
135,Ringsted Kommune,Gyrstinge
630,Ringsted Kommune,Ortved
531,Ringsted Kommune,Nordrup
1422,Ringsted Kommune,Landdistrikter
432,Ringsted Kommune,Kværkeby
234,Ringsted Kommune,Ørslev
333,Ringsted Kommune,Fjællebro
828,Ringsted Kommune,Vetterslev
722,Roskilde Kommune,Herringløse
1514,Roskilde Kommune,Gundsølille
920,Roskilde Kommune,Vindinge
1316,Roskilde Kommune,Viby
425,Roskilde Kommune,Svogerslev
821,Roskilde Kommune,Gadstrup
29,Roskilde Kommune,Gundsømagle
1217,Roskilde Kommune,Snoldelev
128,Roskilde Kommune,Ågerup
524,Roskilde Kommune,Roskilde
1712,Roskilde Kommune,Landdistrikter
623,Roskilde Kommune,Jyllinge
1118,Roskilde Kommune,Havdrup
1019,Roskilde Kommune,Vor Frue
1415,Roskilde Kommune,Assendløse
1613,Roskilde Kommune,Uden fast bopæl
326,Roskilde Kommune,Veddelev
227,Roskilde Kommune,Store Valby
716,Rudersdal Kommune,Hørsholm
617,Rudersdal Kommune,Brådebæk
320,Rudersdal Kommune,Skodsborg
23,Rudersdal Kommune,Rudersdal
518,Rudersdal Kommune,Ravnsnæs
914,Rudersdal Kommune,Landdistrikter
122,Rudersdal Kommune,Høsterkøb
419,Rudersdal Kommune,Trørød
221,Rudersdal Kommune,Birkerød
815,Rudersdal Kommune,Uden fast bopæl
13,Rødovre Kommune,Rødovre
112,Rødovre Kommune,Uden fast bopæl
211,Rødovre Kommune,Landdistrikter
476,Samsø Kommune,Uden fast bopæl
80,Samsø Kommune,Onsbjerg
575,Samsø Kommune,Landdistrikter
377,Samsø Kommune,Brundby
179,Samsø Kommune,Tranebjerg
278,Samsø Kommune,Nordby
574,Silkeborg Kommune,Salten
3346,Silkeborg Kommune,Sejs-Svejbæk
2356,Silkeborg Kommune,Sejling
871,Silkeborg Kommune,Gjessø
1465,Silkeborg Kommune,Sjørslev
772,Silkeborg Kommune,Sinding
3247,Silkeborg Kommune,Levring
1960,Silkeborg Kommune,Ans
2752,Silkeborg Kommune,Øster Bording
2950,Silkeborg Kommune,Vrads
2455,Silkeborg Kommune,Kjellerup
2851,Silkeborg Kommune,Nørskovlund
3445,Silkeborg Kommune,Resenbro
2158,Silkeborg Kommune,Gjern
277,Silkeborg Kommune,Linå
376,Silkeborg Kommune,Laven
1069,Silkeborg Kommune,Svejbæk
970,Silkeborg Kommune,Virklund
178,Silkeborg Kommune,Bryrup
3049,Silkeborg Kommune,Funder Kirkeby
3643,Silkeborg Kommune,Landdistrikter
1663,Silkeborg Kommune,Serup
2653,Silkeborg Kommune,Skægkær
1762,Silkeborg Kommune,Nørre Knudstrup
2257,Silkeborg Kommune,Grauballe
475,Silkeborg Kommune,Sorring
1168,Silkeborg Kommune,Silkeborg
2059,Silkeborg Kommune,Fårvang
1861,Silkeborg Kommune,Vinderslev
2554,Silkeborg Kommune,Thorning
3148,Silkeborg Kommune,Kragelund
1267,Silkeborg Kommune,Demstrup
673,Silkeborg Kommune,Them
1564,Silkeborg Kommune,Lemming
1366,Silkeborg Kommune,Neder Hvam
3544,Silkeborg Kommune,Uden fast bopæl
79,Silkeborg Kommune,Voel
1665,Skanderborg Kommune,Blegind
1764,Skanderborg Kommune,Javngyde
2259,Skanderborg Kommune,Stjær
2556,Skanderborg Kommune,Landdistrikter
1071,Skanderborg Kommune,Skjørring
1863,Skanderborg Kommune,Tebstrup
1368,Skanderborg Kommune,Hårby
1467,Skanderborg Kommune,Alken
2457,Skanderborg Kommune,Uden fast bopæl
279,Skanderborg Kommune,Hylke
378,Skanderborg Kommune,Gammel Rye
1962,Skanderborg Kommune,Virring
1566,Skanderborg Kommune,Fruering
180,Skanderborg Kommune,Skovby
2061,Skanderborg Kommune,Herskind
2358,Skanderborg Kommune,Storring
1170,Skanderborg Kommune,Hørning
675,Skanderborg Kommune,Låsby
972,Skanderborg Kommune,Voerladegård
873,Skanderborg Kommune,Ry
576,Skanderborg Kommune,Galten
81,Skanderborg Kommune,Sjelle
774,Skanderborg Kommune,Nørre Vissing
477,Skanderborg Kommune,Laven
1269,Skanderborg Kommune,Skanderborg
2160,Skanderborg Kommune,Stilling
1968,Skive Kommune,Hvidbjerg
1374,Skive Kommune,Lem
1077,Skive Kommune,Rødding
1473,Skive Kommune,Ramsing
582,Skive Kommune,Breum
2166,Skive Kommune,Landdistrikter
87,Skive Kommune,Jebjerg
978,Skive Kommune,Roslev
2067,Skive Kommune,Uden fast bopæl
681,Skive Kommune,Hald
285,Skive Kommune,Skive
483,Skive Kommune,Selde
1572,Skive Kommune,Hem
1176,Skive Kommune,Oddense
1275,Skive Kommune,Lihme
1671,Skive Kommune,Rønbjerg
384,Skive Kommune,Nederby
1869,Skive Kommune,Glyngøre
186,Skive Kommune,Højslev
879,Skive Kommune,Balling
780,Skive Kommune,Højslev Stationsby
1770,Skive Kommune,Durup
1126,Slagelse Kommune,Rude
532,Slagelse Kommune,Kirke Stillinge
2314,Slagelse Kommune,Landdistrikter
1225,Slagelse Kommune,Skælskør
1621,Slagelse Kommune,Agersø
433,Slagelse Kommune,Eggeslevmagle
37,Slagelse Kommune,Forlev
2116,Slagelse Kommune,Stillinge Strand
136,Slagelse Kommune,Korsør
928,Slagelse Kommune,Dalmose
334,Slagelse Kommune,Boeslunde
730,Slagelse Kommune,Sørbymagle
1522,Slagelse Kommune,Rosted
631,Slagelse Kommune,Havrebjerg
1324,Slagelse Kommune,Slagelse
1027,Slagelse Kommune,Bisserup
1918,Slagelse Kommune,Næsby Strand
2215,Slagelse Kommune,Uden fast bopæl
2017,Slagelse Kommune,Kongsmark Strand
1819,Slagelse Kommune,Frølunde Fed
1720,Slagelse Kommune,Sønderup
1423,Slagelse Kommune,Slots Bjergby
235,Slagelse Kommune,Svenstrup
829,Slagelse Kommune,Flakkebjerg
426,Solrød Kommune,Lille Skensved
129,Solrød Kommune,Solrød Strand
228,Solrød Kommune,Havdrup
30,Solrød Kommune,Solrød
624,Solrød Kommune,Landdistrikter
327,Solrød Kommune,Jersie
525,Solrød Kommune,Uden fast bopæl
1128,Sorø Kommune,Sorø
336,Sorø Kommune,Frederiksberg
39,Sorø Kommune,Dianalund
930,Sorø Kommune,Vedde
435,Sorø Kommune,Skellebjerg
831,Sorø Kommune,Stenlille
237,Sorø Kommune,Fjenneslev
534,Sorø Kommune,Tersløse
732,Sorø Kommune,Nyrup
1425,Sorø Kommune,Uden fast bopæl
633,Sorø Kommune,Ruds Vedby
1326,Sorø Kommune,Lynge
1029,Sorø Kommune,Munke Bjergby
138,Sorø Kommune,Broby Overdrev
1524,Sorø Kommune,Landdistrikter
1227,Sorø Kommune,Niløse
1028,Stevns Kommune,Sigerslev
434,Stevns Kommune,Klippinge
1127,Stevns Kommune,Store Heddinge
236,Stevns Kommune,Hellested
830,Stevns Kommune,Vedskølle
1424,Stevns Kommune,Uden fast bopæl
731,Stevns Kommune,Valløby
929,Stevns Kommune,Holtug
1523,Stevns Kommune,Landdistrikter
1226,Stevns Kommune,Havnelev-Boestofte
335,Stevns Kommune,Strøby
137,Stevns Kommune,Hårlev
632,Stevns Kommune,Strøby Egede
38,Stevns Kommune,Rødvig
533,Stevns Kommune,Magleby
1325,Stevns Kommune,Lyderslev
370,Struer Kommune,Hvidbjerg
1261,Struer Kommune,Uden fast bopæl
271,Struer Kommune,Jegind
1360,Struer Kommune,Landdistrikter
172,Struer Kommune,Hjerm
865,Struer Kommune,Bremdal
73,Struer Kommune,Struer
1063,Struer Kommune,Linde
568,Struer Kommune,Handbjerg
667,Struer Kommune,Humlum
469,Struer Kommune,Uglev
1162,Struer Kommune,Vejrumstad
964,Struer Kommune,Asp
766,Struer Kommune,Resenstad
2429,Svendborg Kommune,Uden fast bopæl
746,Svendborg Kommune,Oure
2132,Svendborg Kommune,Lundby
1835,Svendborg Kommune,Skårup
548,Svendborg Kommune,Hesselager
350,Svendborg Kommune,Gudbjerg
1934,Svendborg Kommune,Bregninge
2033,Svendborg Kommune,Bjerreby
1736,Svendborg Kommune,Åbyskov
647,Svendborg Kommune,Lundeborg
1340,Svendborg Kommune,Svendborg
152,Svendborg Kommune,Stenstrup
251,Svendborg Kommune,Kirkeby
2231,Svendborg Kommune,Landet
2528,Svendborg Kommune,Landdistrikter
1043,Svendborg Kommune,Ollerup
944,Svendborg Kommune,Rantzausminde
53,Svendborg Kommune,Hundstrup
2330,Svendborg Kommune,Strammelse
1538,Svendborg Kommune,Troense
449,Svendborg Kommune,Gudme
845,Svendborg Kommune,Vejstrup
1637,Svendborg Kommune,Vindeby
1142,Svendborg Kommune,Vester Skerninge
1241,Svendborg Kommune,Ulbølle
1439,Svendborg Kommune,Thurø By
272,Syddjurs Kommune,Tirstrup
2648,Syddjurs Kommune,Uden fast bopæl
2450,Syddjurs Kommune,Følle Strand
1460,Syddjurs Kommune,Feldballe
173,Syddjurs Kommune,Ebeltoft
74,Syddjurs Kommune,Mørke
1064,Syddjurs Kommune,Nimtofte
1361,Syddjurs Kommune,Ugelbølle
2153,Syddjurs Kommune,Hornslet
1955,Syddjurs Kommune,Rodskov
2549,Syddjurs Kommune,Egsmark
866,Syddjurs Kommune,Ryomgård
2747,Syddjurs Kommune,Landdistrikter
767,Syddjurs Kommune,Pindstrup
965,Syddjurs Kommune,Kolind
2252,Syddjurs Kommune,Lime
1856,Syddjurs Kommune,Tved
371,Syddjurs Kommune,Egsmark
2351,Syddjurs Kommune,Søby
470,Syddjurs Kommune,Dråby
668,Syddjurs Kommune,Vrinners
1262,Syddjurs Kommune,Rønde
2054,Syddjurs Kommune,Thorsager
1757,Syddjurs Kommune,Hyllested
1559,Syddjurs Kommune,Knebel
569,Syddjurs Kommune,Balle
1658,Syddjurs Kommune,Grønfeld
1163,Syddjurs Kommune,Følle
653,Sønderborg Kommune,Lysabild
1643,Sønderborg Kommune,Hundslev
2534,Sønderborg Kommune,Kværs
2732,Sønderborg Kommune,Rinkenæs
2039,Sønderborg Kommune,Vester Sottrup
2930,Sønderborg Kommune,Høruphav
2336,Sønderborg Kommune,Gråsten
1841,Sønderborg Kommune,Kær
3029,Sønderborg Kommune,Kirke Hørup
3326,Sønderborg Kommune,Uden fast bopæl
3227,Sønderborg Kommune,Skelde
257,Sønderborg Kommune,Stevning
2633,Sønderborg Kommune,Tørsbøl
1742,Sønderborg Kommune,Ketting
752,Sønderborg Kommune,Skovby
1346,Sønderborg Kommune,Blans
3128,Sønderborg Kommune,Sønderborg
1148,Sønderborg Kommune,Holm
59,Sønderborg Kommune,Nordborg
1049,Sønderborg Kommune,Adsbøl
1445,Sønderborg Kommune,Augustenborg
356,Sønderborg Kommune,Svenstrup
851,Sønderborg Kommune,Broager
2831,Sønderborg Kommune,Skodsbøl
554,Sønderborg Kommune,Fynshav
1940,Sønderborg Kommune,Dybbøl
1247,Sønderborg Kommune,Avnbøl
950,Sønderborg Kommune,Tandslet
1544,Sønderborg Kommune,Guderup
158,Sønderborg Kommune,Oksbøl
3425,Sønderborg Kommune,Landdistrikter
2237,Sønderborg Kommune,Egernsund
455,Sønderborg Kommune,Asserballe
2435,Sønderborg Kommune,Nybøl
2138,Sønderborg Kommune,Ullerup
2167,Thisted Kommune,Sjørring
88,Thisted Kommune,Vesløs
979,Thisted Kommune,Vestervig
2068,Thisted Kommune,Nørre Vorupør
1771,Thisted Kommune,Sennels
286,Thisted Kommune,Ræhr
682,Thisted Kommune,Hundborg
1969,Thisted Kommune,Vilsund Vest
1870,Thisted Kommune,Sundby
1177,Thisted Kommune,Bedsted
2365,Thisted Kommune,Øsløs
1573,Thisted Kommune,Nors
187,Thisted Kommune,Østerild
1375,Thisted Kommune,Klitmøller
2464,Thisted Kommune,Uden fast bopæl
583,Thisted Kommune,Hanstholm
2266,Thisted Kommune,Thisted
385,Thisted Kommune,Frøstrup
1078,Thisted Kommune,Hurup
1474,Thisted Kommune,Ydby
2563,Thisted Kommune,Landdistrikter
484,Thisted Kommune,Hørdum
1276,Thisted Kommune,Agger
1672,Thisted Kommune,Hillerslev
880,Thisted Kommune,Koldby
781,Thisted Kommune,Snedsted
114,Tårnby Kommune,Uden fast bopæl
15,Tårnby Kommune,Tårnby
213,Tårnby Kommune,Landdistrikter
258,Tønder Kommune,Agerskov
1545,Tønder Kommune,Øster Højst
2139,Tønder Kommune,Rejsby
1743,Tønder Kommune,Højer
852,Tønder Kommune,Løgumkloster
2337,Tønder Kommune,Uden fast bopæl
1347,Tønder Kommune,Havneby
159,Tønder Kommune,Toftlund
357,Tønder Kommune,Branderup
60,Tønder Kommune,Bedsted
555,Tønder Kommune,Abild
1941,Tønder Kommune,Frifelt
1248,Tønder Kommune,Døstrup
1149,Tønder Kommune,Skærbæk
1644,Tønder Kommune,Husum-Ballum
1446,Tønder Kommune,Bredebro
456,Tønder Kommune,Arrild
2436,Tønder Kommune,Landdistrikter
1842,Tønder Kommune,Møgeltønder
2238,Tønder Kommune,Sønder Sejerslev
1050,Tønder Kommune,Jejsing
753,Tønder Kommune,Løgumgårde
951,Tønder Kommune,Tønder
654,Tønder Kommune,Visby
2040,Tønder Kommune,Brøns
115,Vallensbæk Kommune,Vallensbæk Landsby
16,Vallensbæk Kommune,Vallensbæk
214,Vallensbæk Kommune,Uden fast bopæl
313,Vallensbæk Kommune,Landdistrikter
2736,Varde Kommune,Landdistrikter
1647,Varde Kommune,Nordenskov
657,Varde Kommune,Øster Vrøgum
459,Varde Kommune,Oksbøl
1449,Varde Kommune,Lunde
1152,Varde Kommune,Alslev
2439,Varde Kommune,Outrup
2043,Varde Kommune,Ansager
1845,Varde Kommune,Tistrup
558,Varde Kommune,Billum
2241,Varde Kommune,Tinghøj
1350,Varde Kommune,Fåborg
162,Varde Kommune,Varde
1053,Varde Kommune,Agerbæk
63,Varde Kommune,Janderup
1944,Varde Kommune,Skovlund
1548,Varde Kommune,Nymindegab
2142,Varde Kommune,Tofterup
360,Varde Kommune,Sig
261,Varde Kommune,Horne
954,Varde Kommune,Ølgod
1746,Varde Kommune,Næsbjerg
2538,Varde Kommune,Oksby
855,Varde Kommune,Henne Stationsby
756,Varde Kommune,Nørre Nebel
2637,Varde Kommune,Uden fast bopæl
2340,Varde Kommune,Kvong
1251,Varde Kommune,Årre
64,Vejen Kommune,Rødding
1054,Vejen Kommune,Askov
262,Vejen Kommune,Lintrup
1549,Vejen Kommune,Bække
955,Vejen Kommune,Føvling
658,Vejen Kommune,Sønder Hygum
1747,Vejen Kommune,Øster Lindet
757,Vejen Kommune,Hovborg
1351,Vejen Kommune,Skodborg
1846,Vejen Kommune,Uden fast bopæl
1945,Vejen Kommune,Landdistrikter
1450,Vejen Kommune,Gesten
1252,Vejen Kommune,Store Andst
1648,Vejen Kommune,Jels
1153,Vejen Kommune,Vejen
163,Vejen Kommune,Brørup
856,Vejen Kommune,Foldingbro
559,Vejen Kommune,Glejbjerg
460,Vejen Kommune,Holsted
361,Vejen Kommune,Lindknud
762,Vejle Kommune,Gårslev
2346,Vejle Kommune,Ødsted
3039,Vejle Kommune,Bredsten
2643,Vejle Kommune,Gadbjerg
3336,Vejle Kommune,Hvidbjerg
1257,Vejle Kommune,Farre
1950,Vejle Kommune,Egtved
1554,Vejle Kommune,Thyregod
2544,Vejle Kommune,Skibet
3138,Vejle Kommune,Smidstrup
3237,Vejle Kommune,Høl
366,Vejle Kommune,Skærup
861,Vejle Kommune,Ågård
960,Vejle Kommune,Vandel
1356,Vejle Kommune,Nørup
2148,Vejle Kommune,Kollemorten
267,Vejle Kommune,Ny Højen
168,Vejle Kommune,Bredal
1752,Vejle Kommune,Jerlev
1059,Vejle Kommune,Billund
3435,Vejle Kommune,Uden fast bopæl
3534,Vejle Kommune,Landdistrikter
2049,Vejle Kommune,Givskud
1851,Vejle Kommune,Nørre Vilstrup
2742,Vejle Kommune,Jelling
1158,Vejle Kommune,Andkær
2445,Vejle Kommune,Ny Nørup
663,Vejle Kommune,Vejle
2940,Vejle Kommune,Randbøldal
69,Vejle Kommune,Grejs
465,Vejle Kommune,Brejning
564,Vejle Kommune,Børkop
2841,Vejle Kommune,Østengård
2247,Vejle Kommune,Vonge
1653,Vejle Kommune,Grønbjerg
1455,Vejle Kommune,Give
92,Vesthimmerlands Kommune,Gedsted
2270,Vesthimmerlands Kommune,Uden fast bopæl
884,Vesthimmerlands Kommune,Ranum
1082,Vesthimmerlands Kommune,Overlade
2171,Vesthimmerlands Kommune,Fandrup
2369,Vesthimmerlands Kommune,Landdistrikter
1478,Vesthimmerlands Kommune,Vognsild
1775,Vesthimmerlands Kommune,Vester Hornum
1181,Vesthimmerlands Kommune,Hvalpsund
983,Vesthimmerlands Kommune,Vilsted
1280,Vesthimmerlands Kommune,Farsø
686,Vesthimmerlands Kommune,Strandby
2072,Vesthimmerlands Kommune,Aars
1577,Vesthimmerlands Kommune,Ullits
389,Vesthimmerlands Kommune,Løgstør
1676,Vesthimmerlands Kommune,Hornum
785,Vesthimmerlands Kommune,Vindblæs
290,Vesthimmerlands Kommune,Aggersund
587,Vesthimmerlands Kommune,Østrup
1874,Vesthimmerlands Kommune,Simested
191,Vesthimmerlands Kommune,Fjelsø
1973,Vesthimmerlands Kommune,Aalestrup
1379,Vesthimmerlands Kommune,Havbro
488,Vesthimmerlands Kommune,Vegger
4445,Viborg Kommune,Uden fast bopæl
485,Viborg Kommune,Ulbjerg
1277,Viborg Kommune,Bjerregrav
386,Viborg Kommune,Rindsholm
3950,Viborg Kommune,Låstrup
2762,Viborg Kommune,Vridsted
2069,Viborg Kommune,Grønhøj
2564,Viborg Kommune,Kjeldbjerg
2267,Viborg Kommune,Tange
2861,Viborg Kommune,Bruunshåb
3554,Viborg Kommune,Birgittelyst
1178,Viborg Kommune,Ørum
1970,Viborg Kommune,Mammen
188,Viborg Kommune,Skelhøje
3851,Viborg Kommune,Finderup
584,Viborg Kommune,Frederiks
1079,Viborg Kommune,Vejrumbro
2663,Viborg Kommune,Sjørup
3653,Viborg Kommune,Hvam Stationsby
4247,Viborg Kommune,Sønder Rind
1475,Viborg Kommune,Klejtrup
3752,Viborg Kommune,Viborg
683,Viborg Kommune,Kølvrå
1871,Viborg Kommune,Rødding
1772,Viborg Kommune,Sahl
287,Viborg Kommune,Hald Ege
2465,Viborg Kommune,Stoholm
2960,Viborg Kommune,Hammershøj
4148,Viborg Kommune,Vinkel
3257,Viborg Kommune,Skals
782,Viborg Kommune,Bjerringbro
4049,Viborg Kommune,Hjarbæk
2168,Viborg Kommune,Rødkærsbro
3158,Viborg Kommune,Sparkær
3356,Viborg Kommune,Løgstrup
3059,Viborg Kommune,Kvorning
2366,Viborg Kommune,Fly
1673,Viborg Kommune,Vammen
4346,Viborg Kommune,Knudby
881,Viborg Kommune,Mønsted
3455,Viborg Kommune,Ravnstrup
1376,Viborg Kommune,Møldrup
980,Viborg Kommune,Tapdrup
1574,Viborg Kommune,Løvel
89,Viborg Kommune,Karup
4544,Viborg Kommune,Landdistrikter
1628,Vordingborg Kommune,Allerslev
1331,Vordingborg Kommune,Præstø
1430,Vordingborg Kommune,Skibinge
440,Vordingborg Kommune,Klarskov
1232,Vordingborg Kommune,Store Damme
1925,Vordingborg Kommune,Langebæk
2321,Vordingborg Kommune,Landdistrikter
341,Vordingborg Kommune,Stensved
539,Vordingborg Kommune,Neder Vindinge
242,Vordingborg Kommune,Bårse
1727,Vordingborg Kommune,Nyråd
2222,Vordingborg Kommune,Uden fast bopæl
44,Vordingborg Kommune,Køng
1034,Vordingborg Kommune,Klintholm Havn
737,Vordingborg Kommune,Borre
143,Vordingborg Kommune,Lundby
638,Vordingborg Kommune,Vordingborg
2123,Vordingborg Kommune,Udby
935,Vordingborg Kommune,Stege
2024,Vordingborg Kommune,Mern
836,Vordingborg Kommune,Kalvehave
1529,Vordingborg Kommune,Gammel Kalvehave
1826,Vordingborg Kommune,Ørslev
1133,Vordingborg Kommune,Bogø By
254,Ærø Kommune,Bregninge
749,Ærø Kommune,Landdistrikter
551,Ærø Kommune,Ærøskøbing
452,Ærø Kommune,Ommel
56,Ærø Kommune,Marstal
155,Ærø Kommune,Søby
650,Ærø Kommune,Uden fast bopæl
353,Ærø Kommune,Vindeballe
